J.P. Morgan Capital Holdings Limited,United Kingdom
J.P. Morgan Securities PLC,United Kingdom
J.P. Morgan SE,Germany
JPMorgan Chase Holdings LLC,United States
J.P. Morgan Services India Private Limited,India
JPMorgan Asset Management Holdings Inc.,United States
JPMorgan Distribution Services, Inc.,United States
JPMorgan Asset Management International Limited,United Kingdom
JPMorgan Asset Management (UK) Limited,United Kingdom
JPMorgan Asset Management Holdings (Luxembourg) S.à r.l.,Luxembourg
JPMorgan Asset Management (Europe) S.à r.l.,Luxembourg
J.P. Morgan Investment Management Inc.,United States
J.P. Morgan Broker-Dealer Holdings Inc.,United States
J.P. Morgan Securities LLC,United States